<?xml version="1.0" encoding="UTF-8"?>
<project-private xmlns="http://www.netbeans.org/ns/project-private/1">
    <editor-bookmarks xmlns="http://www.netbeans.org/ns/editor-bookmarks/2" lastBookmarkId="0"/>
    <open-files xmlns="http://www.netbeans.org/ns/projectui-open-files/2">
        <group>
            <file>file:/media/santy/Windows/NetBeansProjects/Estructura%20De%20Datos/Practica3_Estudiantes/src/Main/NewMain.java</file>
            <file>file:/media/santy/Windows/NetBeansProjects/Estructura%20De%20Datos/Practica3_Estudiantes/src/vista/usolista/Frm_Estudiantes.java</file>
        </group>
    </open-files>
</project-private>
