<?xml version="1.0" encoding="UTF-8"?>
<project-private xmlns="http://www.netbeans.org/ns/project-private/1">
    <editor-bookmarks xmlns="http://www.netbeans.org/ns/editor-bookmarks/2" lastBookmarkId="0"/>
    <open-files xmlns="http://www.netbeans.org/ns/projectui-open-files/2">
        <group>
            <file>file:/home/santy/NetBeansProjects/Estructura%20De%20Datos/Practica1ArreglosUnidimensionales/src/Controlador/ControladorPersona.java</file>
            <file>file:/home/santy/NetBeansProjects/Estructura%20De%20Datos/Practica1ArreglosUnidimensionales/src/Controlador/Utilidades.java</file>
            <file>file:/home/santy/NetBeansProjects/Estructura%20De%20Datos/Practica1ArreglosUnidimensionales/src/Vista/vista.java</file>
            <file>file:/home/santy/NetBeansProjects/Estructura%20De%20Datos/Practica1ArreglosUnidimensionales/src/Modelo/Persona.java</file>
            <file>file:/home/santy/NetBeansProjects/Estructura%20De%20Datos/Practica1ArreglosUnidimensionales/src/Vista/Tabla/Tabla.java</file>
        </group>
    </open-files>
</project-private>
